<?xml version="1.0" encoding="UTF-8" standalone="yes"?>
<SharedFlowBundle revision="2" name="BasicHeaderSecFlow">
    <ConfigurationVersion majorVersion="4" minorVersion="0"/>
    <CreatedAt>1492599777107</CreatedAt>
    <CreatedBy>pattanaikjy@gmail.com</CreatedBy>
    <Description>BasicHeaderSecFlow</Description>
    <DisplayName>BasicHeaderSecFlow</DisplayName>
    <LastModifiedAt>1492604677321</LastModifiedAt>
    <LastModifiedBy>pattanaikjy@gmail.com</LastModifiedBy>
    <Policies>
        <Policy>Quota-1</Policy>
        <Policy>Raise-Fault-1</Policy>
    </Policies>
    <Resources/>
    <Spec></Spec>
    <subType>SharedFlow</subType>
    <SharedFlows>
        <SharedFlow>default</SharedFlow>
    </SharedFlows>
</SharedFlowBundle>
