{
	"api-developer-np@cunard.com": [{
			"attributes": [{
					"name": "DisplayName",
					"value": "CunardDevApp"
				}
			],
			"callbackUrl": "",
			"apiProducts": ["CunardDevProduct"],
			"credentials": [{
				"apiProducts": [{
					"apiproduct": "CunardDevProduct",
					"status": "approved"
				}],
				"attributes": [],
				"expiresAt": -1,

				"scopes": [],
				"status": "approved"
			}],
			"name": "CunardDevApp",
			"scopes": [],
			"status": "approved"
		},
		{
			"attributes": [{
					"name": "DisplayName",
					"value": "CunardStageApp"
				}
			],
			"callbackUrl": "",
			"apiProducts": ["CunardStageProduct"],
			"credentials": [{
				"apiProducts": [{
					"apiproduct": "CunardStageProduct",
					"status": "approved"
				}],
				"attributes": [],
				"expiresAt": -1,

				"scopes": [],
				"status": "approved"
			}],
			"name": "CunardStageApp",
			"scopes": [],
			"status": "approved"
		},
		{
			"attributes": [{
					"name": "DisplayName",
					"value": "CunardQaApp"
				}
			],
			"callbackUrl": "",
			"apiProducts": ["CunardQaProduct"],
			"credentials": [{
				"apiProducts": [{
					"apiproduct": "CunardQaProduct",
					"status": "approved"
				}],
				"attributes": [],
				"expiresAt": -1,

				"scopes": [],
				"status": "approved"
			}],
			"name": "CunardQaApp",
			"scopes": [],
			"status": "approved"
		},
		{
			"attributes": [{
					"name": "DisplayName",
					"value": "CunardContentApp"
				}
			],
			"callbackUrl": "",
			"apiProducts": ["CunardContentProduct"],
			"credentials": [{
				"apiProducts": [{
					"apiproduct": "CunardContentProduct",
					"status": "approved"
				}],
				"attributes": [],
				"expiresAt": -1,

				"scopes": [],
				"status": "approved"
			}],
			"name": "CunardContentApp",
			"scopes": [],
			"status": "approved"
		}
	]
}