<?xml version="1.0" ?>
<project xmlns="http://maven.apache.org/POM/4.0.0" xmlns:xsi="http://www.w3.org/2001/XMLSchema-instance" xsi:schemaLocation="http://maven.apache.org/POM/4.0.0 http://maven.apache.org/xsd/maven-4.0.0.xsd">
    <modelVersion>4.0.0</modelVersion>
    <groupId>apigee</groupId>
    <artifactId>config-pom</artifactId>
    <packaging>pom</packaging>
    <version>1.0</version>
    <pluginRepositories>
        <pluginRepository>
            <id>central</id>
            <name>Maven Plugin Repository</name>
            <url>http://repo1.maven.org/maven2</url>
            <layout>default</layout>
            <snapshots>
                <enabled>false</enabled>
            </snapshots>
            <releases>
                <updatePolicy>never</updatePolicy>
            </releases>
        </pluginRepository>
    </pluginRepositories>
    <!-- Since Maven 3.0.3, for two plugins bound to the same phase, the order 
         of execution is the same as the order in which you define them. -->
    <build>
        <plugins>
            <plugin>
                <groupId>com.apigee.edge.config</groupId>
                <artifactId>apigee-config-maven-plugin</artifactId>
                <version>1.1.4</version>
                <executions>
                    <execution>
                        <id>create-config-cache</id>
                        <phase>install</phase>                        
                        <goals>
                            <goal>caches</goal>
                        </goals>
                    </execution>
                    <execution>
                        <id>create-config-targetserver</id>
                        <phase>install</phase>                        
                        <goals>
                            <goal>targetservers</goal>
                        </goals>
                    </execution>
                   <execution>
                        <id>create-config-kvm</id>
                        <phase>install</phase>                        
                        <goals>
                            <goal>keyvaluemaps</goal>
                        </goals>
                    </execution>
                    <execution>
                        <id>create-config-apiproduct</id>
                        <phase>install</phase>                        
                        <goals>
                            <goal>apiproducts</goal>
                        </goals>
                    </execution>
                    <execution>
                        <id>create-config-developer</id>
                        <phase>install</phase>                        
                        <goals>
                            <goal>developers</goal>
                        </goals>
                    </execution>
                    <execution>
                        <id>create-config-app</id>
                        <phase>install</phase>                        
                        <goals>
                            <goal>apps</goal>
                        </goals>
                    </execution>
                </executions>
            </plugin>            
        </plugins>
    </build>
    <profiles>
		<profile>
			<id>builddeploy</id>
			<properties>
				<apigee.profile>builddeploy</apigee.profile>
				<apigee.env>${env}</apigee.env>
				<apigee.hosturl>${hosturl}</apigee.hosturl>
				<apigee.apiversion>${hosturlversion}</apigee.apiversion> <!-- value of version in  https://api.enterprise.apigee.com/v2 -->
				<apigee.org>${org}</apigee.org>
				<apigee.username>${username}</apigee.username>
				<apigee.password>${password}</apigee.password>
				<apigee.options>${options}</apigee.options>
				<apigee.tokenurl>${tokenurl}</apigee.tokenurl>
				<apigee.authtype>${authtype}</apigee.authtype>
			</properties>
		</profile>
    </profiles>
</project>







