<?xml version="1.0" encoding="UTF-8" standalone="yes"?>
<RaiseFault async="false" continueOnError="false" enabled="true" name="Raise-Fault-1">
    <DisplayName>Raise Fault-1</DisplayName>
    <Properties/>
    <FaultResponse>
        <Set>
            <Headers/>
            <Payload contentType="text/plain">shared flow failed</Payload>
            <StatusCode>400</StatusCode>
            <ReasonPhrase>Server Error</ReasonPhrase>
        </Set>
    </FaultResponse>
    <IgnoreUnresolvedVariables>true</IgnoreUnresolvedVariables>
</RaiseFault>