[{
		"description": "cache used for travel agent response",
		"diskSizeInMB": 0,
		"distributed": true,
		"expirySettings": {
			"timeOfDay": {
				"value": "00:00:00"
			},
			"valuesNull": false
		},
		"inMemorySizeInKB": 0,
		"maxElementsInMemory": 0,
		"maxElementsOnDisk": 0,
		"name": "TravelAgentResponse",
		"overflowToDisk": false,
		"persistent": false
	},
	{
		"description": "cache used for pricebycruise response",
		"diskSizeInMB": 0,
		"distributed": true,
		"expirySettings": {
			"timeoutInSec": {
				"value": "3600"
			},
			"valuesNull": false
		},
		"inMemorySizeInKB": 0,
		"maxElementsInMemory": 0,
		"maxElementsOnDisk": 0,
		"name": "CruisePriceResponse",
		"overflowToDisk": false,
		"persistent": false
	},
	{
		"description": "cache used for pricebyitinerary response",
		"diskSizeInMB": 0,
		"distributed": true,
		"expirySettings": {
			"timeoutInSec": {
				"value": "3600"
			},
			"valuesNull": false
		},
		"inMemorySizeInKB": 0,
		"maxElementsInMemory": 0,
		"maxElementsOnDisk": 0,
		"name": "ItineraryPriceResponse",
		"overflowToDisk": false,
		"persistent": false
	}
]