<assembly xmlns="http://maven.apache.org/ASSEMBLY/2.0.0"
    xmlns:xsi="http://www.w3.org/2001/XMLSchema-instance"
    xsi:schemaLocation="http://maven.apache.org/ASSEMBLY/2.0.0 http://maven.apache.org/xsd/assembly-2.0.0.xsd">
  <id></id>
  <formats>
    <format>zip</format>
  </formats>
  <includeBaseDirectory>false</includeBaseDirectory>
  <fileSets>
    <fileSet>
      <directory>${project.basedir}/apiproxy</directory>
	  <outputDirectory>/apiproxy</outputDirectory>
    </fileSet>
	<fileSet>
      <directory>${project.basedir}/sharedflowbundle</directory>
	  <outputDirectory>/sharedflowbundle</outputDirectory>
    </fileSet>	
	<fileSet>
      <directory>${project.basedir}/schneider</directory>
	  <outputDirectory>/config</outputDirectory>
    </fileSet>
  </fileSets>
 </assembly>